sourceCode,sourceName,sourceFrequency,sourceAutoAssignedConceptIds,ADD_INFO:variable_name,ADD_INFO:variable_description,matchScore,mappingStatus,equivalence,statusSetBy,statusSetOn,conceptId,conceptName,domainId,mappingType,comment,createdBy,createdOn,assignedReviewer
18,University,182,,education_status,Highest level of education,0.85,APPROVED,EQUAL,Reinp,1789033539691,45884846,Graduated from a college or university,Meas Value,MAPS_TO,,Reinp,1789033535352,
104,Tuberculosis,129,,a_hltb,Diagnosed with TB,1.00,APPROVED,EQUAL,Reinp,1788974481553,434557,Tuberculosis,Condition,MAPS_TO,,Reinp,1788974473652,
36,No religion,202,,a_rel,Religious affiliation,0.81,APPROVED,EQUAL,Reinp,1789035293667,4058124,Atheist,Observation,MAPS_TO,,Reinp,1789035287435,
83,could not get going,2902,,a_emogo,k10 - Respondent could not get going,0.57,APPROVED,EQUAL,Reinp,1788973823403,1761073,Lack of energy,Observation,MAPS_TO,,Reinp,1788973815537,
37,Other (specify),12,,a_rel,Religious affiliation,1.00,APPROVED,EQUAL,Reinp,1788975727827,45883155,Other (specify),Meas Value,MAPS_TO,,<auto>,1788968779251,
19,Marital status,2902,,marital_status,Marital status,1.00,APPROVED,EQUAL,Reinp,1788974538689,4053609,Marital status,Observation,MAPS_TO,,<auto>,1788968779754,
105,high blood pressure,564,,a_hlbp,Diagnosed with high blood pressure,1.00,APPROVED,EQUAL,Reinp,1788975435255,316866,Hypertensive disorder,Condition,MAPS_TO,,Reinp,1788975428077,
106,Diabetes,138,,a_hldia,Diagnosed with Diabetes,1.00,APPROVED,EQUAL,Reinp,1788975628558,201820,Diabetes mellitus,Condition,MAPS_TO,,Reinp,1788975602945,
72,Some or little of the time (1-2 days),947,,a_emoslp,k7 - Respondent's sleep was restless in past week?,0.64,APPROVED,EQUAL,Reinp,1788972452614,45879198,Some of the time,Meas Value,MAPS_TO,,Reinp,1788972408487,
107,Stroke,32,,a_hlstrk,Diagnosed with a stroke,1.00,APPROVED,EQUAL,Reinp,1788974455771,381316,Cerebrovascular accident,Condition,MAPS_TO,,Reinp,1788974446033,
101,mmHg,2795,,adult_bp_diastolic,Diastolic Blood Pressure (DIA.mmHg),0.52,APPROVED,EQUAL,Reinp,1788975878163,8876,millimeter mercury column,Unit,MAPS_TO,,Reinp,1788975871197,
84,All of the time (5-7 days),65,,a_emogo,k10 - Respondent could not get going,0.45,APPROVED,EQUAL,Reinp,1788971500833,45883772,All of the time,Meas Value,MAPS_TO,,Reinp,1788971487753,
102,Pulse,2797,,adult_bp_pulse,Blood Pressure: Pulse (bpm),1.00,APPROVED,EQUAL,Reinp,1788968961731,4224504,Pulse,Measurement,MAPS_TO,,<auto>,1788968786500,
20,Divorced or Separated,104,,marital_status,Marital status,0.93,APPROVED,EQUAL,Reinp,1788974515846,1620675,Separated or divorced,Meas Value,MAPS_TO,,<auto>,1788968786554,
73,was happy in past week,2904,,a_emohap,k8 - Respondent was happy in past week?,0.71,APPROVED,EQUAL,Reinp,1788973911472,1761700,Feeling happy,Observation,MAPS_TO,,Reinp,1788973904616,
61,Rarely or none of the time (less than 1 day),777,,a_emohope,k5 - Respondent felt hopeful about the future in past week?,0.62,APPROVED,EQUAL,Reinp,1788972098014,45883771,Rarely or never,Meas Value,MAPS_TO,,Reinp,1788972036016,
38,unusually bothered in past week,2902,,a_emobth,k1 - Respondent was unusually bothered in past week?,0.52,APPROVED,EQUAL,Reinp,1788972646283,1761605,Bothered by things that are not usually bothersome,Observation,MAPS_TO,,Reinp,1788972633150,
21,Living with Partner,237,,marital_status,Marital status,1.00,APPROVED,EQUAL,Reinp,1788974518779,45883710,Living with partner,Meas Value,MAPS_TO,,<auto>,1788968790988,
103,counts per minute,2797,,adult_bp_pulse,Blood Pressure: Pulse (bpm),1.00,APPROVED,EQUAL,Reinp,1788968967273,8483,counts per minute,Unit,MAPS_TO,,<auto>,1788968791221,
65,Occasionally or a moderate amount of time (3-4 days),231,,a_emofear,k6 - Respondent felt fearful in past week?,0.68,APPROVED,EQUAL,Reinp,1788971858991,45879593,Occasionally,Meas Value,MAPS_TO,,Reinp,1788971804089,
112,Epilepsy,13,,epilepsy,Diagnosed with Epilepsy,1.00,APPROVED,EQUAL,Reinp,1788975995843,380378,Epilepsy,Condition,MAPS_TO,,Reinp,1788975989243,
75,Occasionally or a moderate amount of time (3-4 days),800,,a_emohap,k8 - Respondent was happy in past week?,0.68,APPROVED,EQUAL,Reinp,1788971858991,45879593,Occasionally,Meas Value,MAPS_TO,,Reinp,1788971824395,
15,Other (Specify),10,,education_status,Highest level of education,1.00,APPROVED,EQUAL,Reinp,1788974601265,45883155,Other (specify),Meas Value,MAPS_TO,,<auto>,1788968793910,
74,All of the time (5-7 days),1042,,a_emohap,k8 - Respondent was happy in past week?,0.45,APPROVED,EQUAL,Reinp,1788971500833,45883772,All of the time,Meas Value,MAPS_TO,,Reinp,1788971465138,
113,South Africa,2905,,country,Country,1.00,APPROVED,EQUAL,Reinp,1789030959892,42014353,South Africa,Geography,MAPS_TO,,<auto>,1788968795386,
62,Some or little of the time (1-2 days),643,,a_emohope,k5 - Respondent felt hopeful about the future in past week?,0.64,APPROVED,EQUAL,Reinp,1788972452614,45879198,Some of the time,Meas Value,MAPS_TO,,Reinp,1788972393906,
114,Female,1445,,interviewer_gender,Interviewer Gender,1.00,APPROVED,EQUAL,Reinp,1788974495361,8532,FEMALE,Gender,MAPS_TO,,<auto>,1788968796988,
16,Primary School,851,,education_status,Highest level of education,0.80,APPROVED,EQUAL,Reinp,1788975964564,1620732,Primary school education,Meas Value,MAPS_TO,,<auto>,1788968797149,
115,Male,1460,,interviewer_gender,Interviewer Gender,1.00,APPROVED,EQUAL,Reinp,1788974499584,8507,MALE,Gender,MAPS_TO,,<auto>,1788968798431,
110,Cancer,21,,a_hlcan,Diagnosed with cancer,1.00,APPROVED,EQUAL,Reinp,1788974415250,443392,Malignant neoplastic disease,Condition,MAPS_TO,,Reinp,1788974378883,
17,Secondary School,1258,,education_status,Highest level of education,0.85,APPROVED,EQUAL,Reinp,1789033307127,45876261,High school,Meas Value,MAPS_TO,,Reinp,1789033299445,
41,Rarely or none of the time (less than 1 day),1943,,a_emobth,k1 - Respondent was unusually bothered in past week?,0.62,APPROVED,EQUAL,Reinp,1788972098014,45883771,Rarely or never,Meas Value,MAPS_TO,,Reinp,1788971987888,
111,HIV/AIDS,68,,hiv_aids,Diagnosed with HIV/AIDS,0.81,APPROVED,EQUAL,Reinp,1789032878269,4267414,AIDS,Condition,MAPS_TO,,Reinp,1789032808571,
63,felt fearful in past week,2903,,a_emofear,k6 - Respondent felt fearful in past week?,0.61,APPROVED,EQUAL,Reinp,1788973464749,1761739,Feeling fearful,Observation,MAPS_TO,,Reinp,1788973461220,
108,Asthma,107,,a_hlast,Diagnosed with asthma,1.00,APPROVED,EQUAL,Reinp,1788974303994,317009,Asthma,Condition,MAPS_TO,,Reinp,1788974295546,
85,Occasionally or a moderate amount of time (3-4 days),214,,a_emogo,k10 - Respondent could not get going,0.68,APPROVED,EQUAL,Reinp,1788971858991,45879593,Occasionally,Meas Value,MAPS_TO,,Reinp,1788971848905,
77,Some or little of the time (1-2 days),572,,a_emohap,k8 - Respondent was happy in past week?,0.64,APPROVED,EQUAL,Reinp,1788972452614,45879198,Some of the time,Meas Value,MAPS_TO,,Reinp,1788972422001,
25,Occupation status,2891,,occupation_status,Occupation status,0.76,APPROVED,EQUAL,Reinp,1789034101787,4073163,Employment status,Observation,MAPS_TO,,Reinp,1789034095188,
66,Rarely or none of the time (less than 1 day),1835,,a_emofear,k6 - Respondent felt fearful in past week?,0.62,APPROVED,EQUAL,Reinp,1788972098014,45883771,Rarely or never,Meas Value,MAPS_TO,,Reinp,1788972041984,
76,Rarely or none of the time (less than 1 day),490,,a_emohap,k8 - Respondent was happy in past week?,0.62,APPROVED,EQUAL,Reinp,1788972098014,45883771,Rarely or never,Meas Value,MAPS_TO,,Reinp,1788972059862,
26,Employed,1013,,occupation_status,Occupation status,1.00,APPROVED,EQUAL,Reinp,1788969170256,4076340,Employed,Observation,MAPS_TO,,<auto>,1788968807608,
109,heart problems,88,,a_hlhrt,Diagnosed with heart problems,1.00,APPROVED,EQUAL,Reinp,1788975691513,321588,Heart disease,Condition,MAPS_TO,,Reinp,1788975679842,
42,Some or little of the time (1-2 days),702,,a_emobth,k1 - Respondent was unusually bothered in past week?,0.64,APPROVED,EQUAL,Reinp,1788972452614,45879198,Some of the time,Meas Value,MAPS_TO,,Reinp,1788972350830,
64,All of the time (5-7 days),73,,a_emofear,k6 - Respondent felt fearful in past week?,0.45,APPROVED,EQUAL,Reinp,1788971500833,45883772,All of the time,Meas Value,MAPS_TO,,Reinp,1788971450654,
94,Overweight (25–29.9),690,,adult_bmi_group,BMI (kg/m2) grouped,0.42,APPROVED,EQUAL,Reinp,1789030768676,437525,Overweight,Condition,MAPS_TO,,Reinp,1789030763842,
78,felt lonely in past week,2904,,a_emolone,k9 - Respondent felt lonely in past week?,0.64,APPROVED,EQUAL,Reinp,1788974028313,1761319,Feeling lonely,Observation,MAPS_TO,,Reinp,1788974021969,
95,Underweight (<18.5),124,,adult_bmi_group,BMI (kg/m2) grouped,0.49,APPROVED,EQUAL,Reinp,1789030786874,435372,Underweight,Condition,MAPS_TO,,<auto>,1788968812764,
27,Not Economically Active,1326,,occupation_status,Occupation status,0.53,APPROVED,EQUAL,Reinp,1789035785884,45884887,Inactive,Meas Value,MAPS_TO,,Reinp,1789035779410,
67,Some or little of the time (1-2 days),764,,a_emofear,k6 - Respondent felt fearful in past week?,0.64,APPROVED,EQUAL,Reinp,1788972452614,45879198,Some of the time,Meas Value,MAPS_TO,,Reinp,1788972402501,
52,Some or little of the time (1-2 days),898,,a_emodep,k3 - Respondent felt depressed in past week?,0.64,APPROVED,EQUAL,Reinp,1788972452614,45879198,Some of the time,Meas Value,MAPS_TO,,Reinp,1788972362871,
28,Self-employed,145,,occupation_status,Occupation status,1.00,APPROVED,EQUAL,Reinp,1788969164879,4059636,Self-employed,Observation,MAPS_TO,,<auto>,1788968816509,
96,Waist circumference,2788,,adult_waist,Waist measure (cm),1.00,APPROVED,EQUAL,Reinp,1788969023808,4172830,Waist circumference,Measurement,MAPS_TO,,<auto>,1788968816587,
39,All of the time (5-7 days),66,,a_emobth,k1 - Respondent was unusually bothered in past week?,0.45,APPROVED,EQUAL,Reinp,1788971385882,45883772,All of the time,Meas Value,MAPS_TO,,Reinp,1788971345033,
86,Rarely or none of the time (less than 1 day),1870,,a_emogo,k10 - Respondent could not get going,0.62,APPROVED,EQUAL,Reinp,1788972098014,45883771,Rarely or never,Meas Value,MAPS_TO,,Reinp,1788972078723,
99,mmHg,2797,,adult_bp_systolic,Systolic Blood Pressure (SYS.mmHg),0.52,APPROVED,EQUAL,Reinp,1788975908229,8876,millimeter mercury column,Unit,MAPS_TO,,Reinp,1788975902282,
22,Married,953,,marital_status,Marital status,1.00,APPROVED,EQUAL,Reinp,1789033619879,4338692,Married,Observation,MAPS_TO,,<auto>,1788968818185,
58,felt hopeful about the future in past week,2897,,a_emohope,k5 - Respondent felt hopeful about the future in past week?,0.72,APPROVED,EQUAL,Reinp,1788973993014,1761675,Feeling hopeful about the future,Observation,MAPS_TO,,<auto>,1788968819144,
23,Never Married,1230,,marital_status,Marital status,1.00,APPROVED,EQUAL,Reinp,1788974544273,45881671,Never married,Meas Value,MAPS_TO,,<auto>,1788968821541,
46,Rarely or none of the time (less than 1 day),1741,,a_emomnd,k2 - Respondent had trouble focusing in past week?,0.62,APPROVED,EQUAL,Reinp,1788972098014,45883771,Rarely or never,Meas Value,MAPS_TO,,Reinp,1788972001336,
24,Widow/Widower,378,,marital_status,Marital status,0.56,APPROVED,EQUAL,Reinp,1789033751977,4143188,Widowed,Observation,MAPS_TO,,Reinp,1789033747442,
100,Diastolic Blood Pressure,2795,,adult_bp_diastolic,Diastolic Blood Pressure (DIA.mmHg),1.00,APPROVED,EQUAL,Reinp,1788968954089,4154790,Diastolic blood pressure,Measurement,MAPS_TO,,<auto>,1788968824167,
8,15-24 years,454,,age_group,Age Grouped,0.65,APPROVED,EQUAL,Reinp,1789028763384,45876531,15 - 24 years old,Meas Value,MAPS_TO,,Reinp,1789028758202,
97,cm,2788,,adult_waist,Waist measure (cm),0.52,APPROVED,EQUAL,Reinp,1788975936542,8582,centimeter,Unit,MAPS_TO,,Reinp,1788975928118,
9,25-39 years,854,,age_group,Age Grouped,0.80,APPROVED,EQUAL,Reinp,1789028785947,45883482,25 - 39 years old,Meas Value,MAPS_TO,,Reinp,1789028781248,
53,felt that everything was an effort in past week,2903,,a_emoeff,k4 - Respondent felt that everything was an effort in past week?,0.54,APPROVED,EQUAL,Reinp,1788972782978,1761503,Feeling everything is too much of an effort,Observation,MAPS_TO,,Reinp,1788972768741,
59,All of the time (5-7 days),867,,a_emohope,k5 - Respondent felt hopeful about the future in past week?,0.45,APPROVED,EQUAL,Reinp,1788971500833,45883772,All of the time,Meas Value,MAPS_TO,,Reinp,1788971440458,
10,40-64 years,1258,,age_group,Age Grouped,0.81,APPROVED,EQUAL,Reinp,1789028637271,45881960,40 - 64 years old,Meas Value,MAPS_TO,,Reinp,1789028630105,
13,College,233,,education_status,Highest level of education,1.00,APPROVED,EQUAL,Reinp,1789033569586,45884846,Graduated from a college or university,Meas Value,MAPS_TO,,Reinp,1789033559887,
98,Systolic Blood Pressure,2797,,adult_bp_systolic,Systolic Blood Pressure (SYS.mmHg),1.00,APPROVED,EQUAL,Reinp,1788969014151,4152194,Systolic blood pressure,Measurement,MAPS_TO,,<auto>,1788968829969,
81,Rarely or none of the time (less than 1 day),1851,,a_emolone,k9 - Respondent felt lonely in past week?,0.62,APPROVED,EQUAL,Reinp,1788972098014,45883771,Rarely or never,Meas Value,MAPS_TO,,Reinp,1788972069040,
47,Some or little of the time (1-2 days),870,,a_emomnd,k2 - Respondent had trouble focusing in past week?,0.64,APPROVED,EQUAL,Reinp,1788972452614,45879198,Some of the time,Meas Value,MAPS_TO,,Reinp,1788972355679,
14,No Schooling,371,,education_status,Highest level of education,1.00,APPROVED,EQUAL,Reinp,1788974605265,45880050,No schooling,Meas Value,MAPS_TO,,<auto>,1788968832669,
70,Occasionally or a moderate amount of time (3-4 days),354,,a_emoslp,k7 - Respondent's sleep was restless in past week?,0.68,APPROVED,EQUAL,Reinp,1788971858991,45879593,Occasionally,Meas Value,MAPS_TO,,Reinp,1788971815751,
90,Body mass index,2771,,adult_bmi,BMI (kg/m2),1.00,APPROVED,EQUAL,Reinp,1788969040200,4245997,Body mass index,Measurement,MAPS_TO,,<auto>,1788968833691,
40,Occasionally or a moderate amount of time (3-4 days),191,,a_emobth,k1 - Respondent was unusually bothered in past week?,0.68,APPROVED,EQUAL,Reinp,1788971858991,45879593,Occasionally,Meas Value,MAPS_TO,,Reinp,1788971751382,
91,kg/m2,2771,,adult_bmi,BMI (kg/m2),0.40,APPROVED,EQUAL,Reinp,1789028945539,9531,kilogram per square meter,Unit,MAPS_TO,,Reinp,1789028940542,
11,65 years and above,339,,age_group,Age Grouped,0.70,APPROVED,EQUAL,Reinp,1789028677897,45881961,65 years old or older,Meas Value,MAPS_TO,,Reinp,1789028671782,
32,Christian,2417,,a_rel,Religious affiliation,1.00,APPROVED,EQUAL,Reinp,1789034497075,4052936,"Christian, follower of religion",Observation,MAPS_TO,,<auto>,1788968836947,
92,Normal (18.5–24.9),929,,adult_bmi_group,BMI (kg/m2) grouped,0.20,APPROVED,EQUAL,Reinp,1789030845227,45884153,Normal,Meas Value,MAPS_TO,,Reinp,1789030689071,
33,Hindu,17,,a_rel,Religious affiliation,1.00,APPROVED,EQUAL,Reinp,1789034501157,4052018,"Hindu, follower of religion",Observation,MAPS_TO,,<auto>,1788968838465,
34,Jewish,6,,a_rel,Religious affiliation,1.00,APPROVED,EQUAL,Reinp,1789034555496,4051379,"Jewish, follower of religion",Observation,MAPS_TO,,Reinp,1789034551866,
48,felt depressed in past week,2902,,a_emodep,k3 - Respondent felt depressed in past week?,0.63,APPROVED,EQUAL,Reinp,1788972714031,1761895,Feeling depressed,Observation,MAPS_TO,,Reinp,1788972708340,
93,Obese (>=30),1028,,adult_bmi_group,BMI (kg/m2) grouped,0.35,APPROVED,EQUAL,Reinp,1789030902499,4215968,Obese,Condition,MAPS_TO,,Reinp,1789030895886,
82,Some or little of the time (1-2 days),769,,a_emolone,k9 - Respondent felt lonely in past week?,0.64,APPROVED,EQUAL,Reinp,1788972452614,45879198,Some of the time,Meas Value,MAPS_TO,,Reinp,1788972433166,
35,Muslim,8,,a_rel,Religious affiliation,1.00,APPROVED,EQUAL,Reinp,1789034606125,4147079,"Muslim, follower of religion",Observation,MAPS_TO,,Reinp,1789034599558,
29,Unemployed,407,,occupation_status,Occupation status,1.00,APPROVED,EQUAL,Reinp,1789034161660,45877709,Unemployed,Meas Value,MAPS_TO,,Reinp,1789034157045,
60,Occasionally or a moderate amount of time (3-4 days),610,,a_emohope,k5 - Respondent felt hopeful about the future in past week?,0.68,APPROVED,EQUAL,Reinp,1788971858991,45879593,Occasionally,Meas Value,MAPS_TO,,Reinp,1788971792060,
50,Occasionally or a moderate amount of time (3-4 days),346,,a_emodep,k3 - Respondent felt depressed in past week?,0.68,APPROVED,EQUAL,Reinp,1788971858991,45879593,Occasionally,Meas Value,MAPS_TO,,Reinp,1788971767472,
12,Highest level of education,2905,,education_status,Highest level of education,1.00,APPROVED,EQUAL,Reinp,1788974610938,42528763,Highest level of education,Observation,MAPS_TO,,<auto>,1788968845009,
30,Religious affiliation,2896,,a_rel,Religious affiliation,1.00,APPROVED,EQUAL,Reinp,1788969138862,4052017,Religious affiliation,Observation,MAPS_TO,,<auto>,1788968847450,
4,Asian/Indian,25,,best_race,Race,0.54,APPROVED,EQUAL,Reinp,1789034450144,8515,Asian,Race,MAPS_TO,,Reinp,1789034442750,
71,Rarely or none of the time (less than 1 day),1486,,a_emoslp,k7 - Respondent's sleep was restless in past week?,0.62,APPROVED,EQUAL,Reinp,1788972098014,45883771,Rarely or never,Meas Value,MAPS_TO,,Reinp,1788972050878,
79,All of the time (5-7 days),78,,a_emolone,k9 - Respondent felt lonely in past week?,0.45,APPROVED,EQUAL,Reinp,1788971500833,45883772,All of the time,Meas Value,MAPS_TO,,Reinp,1788971473300,
49,All of the time (5-7 days),91,,a_emodep,k3 - Respondent felt depressed in past week?,0.45,APPROVED,EQUAL,Reinp,1788971500833,45883772,All of the time,Meas Value,MAPS_TO,,Reinp,1788971412594,
87,Some or little of the time (1-2 days),753,,a_emogo,k10 - Respondent could not get going,0.64,APPROVED,EQUAL,Reinp,1788972452614,45879198,Some of the time,Meas Value,MAPS_TO,,Reinp,1788972443339,
5,Coloured,435,,best_race,Race,0.88,APPROVED,EQUAL,Reinp,1789036300756,38003600,African,Race,MAPS_TO,,Reinp,1789036290992,
68,sleep was restless in past week,2903,,a_emoslp,k7 - Respondent's sleep was restless in past week?,0.65,APPROVED,EQUAL,Reinp,1788974260418,1761695,Restless sleep,Observation,MAPS_TO,,Reinp,1788974253828,
6,White,70,,best_race,Race,1.00,APPROVED,EQUAL,Reinp,1789034393940,8527,White,Race,MAPS_TO,,Reinp,1789034388175,
7,Age,2905,,age_group,Age Grouped,1.00,APPROVED,EQUAL,Reinp,1789028877150,3022304,Age,Observation,MAPS_TO,,Reinp,1789028865286,
1,Female,2080,,best_gen,Gender,1.00,APPROVED,EQUAL,Reinp,1788968920247,8532,FEMALE,Gender,MAPS_TO,,<auto>,1788968853135,
2,Male,825,,best_gen,Gender,1.00,APPROVED,EQUAL,Reinp,1788969199502,8507,MALE,Gender,MAPS_TO,,<auto>,1788968854575,
3,African,2375,,best_race,Race,1.00,APPROVED,EQUAL,Reinp,1788969266360,38003600,African,Race,MAPS_TO,,<auto>,1788968856354,
69,All of the time (5-7 days),116,,a_emoslp,k7 - Respondent's sleep was restless in past week?,0.45,APPROVED,EQUAL,Reinp,1788971500833,45883772,All of the time,Meas Value,MAPS_TO,,Reinp,1788971458809,
43,trouble focusing in past week,2903,,a_emomnd,k2 - Respondent had trouble focusing in past week?,0.71,APPROVED,EQUAL,Reinp,1788974227148,1761791,Trouble focusing,Observation,MAPS_TO,,<auto>,1788968858213,
31,African traditional spiritual beliefs,234,,a_rel,Religious affiliation,0.58,APPROVED,EQUAL,Reinp,1789035169204,44792985,"African religion, follower of religion",Observation,MAPS_TO,,Reinp,1789035163042,
51,Rarely or none of the time (less than 1 day),1567,,a_emodep,k3 - Respondent felt depressed in past week?,0.62,APPROVED,EQUAL,Reinp,1788972098014,45883771,Rarely or never,Meas Value,MAPS_TO,,Reinp,1788972021312,
88,CES-D Depression self-rating scale,2905,,cesd_total_score,CESD-10 total score,0.72,APPROVED,EQUAL,Reinp,1789031047628,4164828,Depression self rating scale,Measurement,MAPS_TO,,Reinp,1789031042147,
56,Rarely or none of the time (less than 1 day),1361,,a_emoeff,k4 - Respondent felt that everything was an effort in past week?,0.62,APPROVED,EQUAL,Reinp,1788972098014,45883771,Rarely or never,Meas Value,MAPS_TO,,Reinp,1788972030981,
89,Depression,640,,cesd_depression,CESD-10 depression,1.00,APPROVED,EQUAL,Reinp,1789028982584,440383,Depressive disorder,Condition,MAPS_TO,,Reinp,1789028976634,
54,All of the time (5-7 days),288,,a_emoeff,k4 - Respondent felt that everything was an effort in past week?,0.45,APPROVED,EQUAL,Reinp,1788971500833,45883772,All of the time,Meas Value,MAPS_TO,,Reinp,1788971421522,
44,All of the time (5-7 days),46,,a_emomnd,k2 - Respondent had trouble focusing in past week?,0.45,APPROVED,EQUAL,Reinp,1788971500833,45883772,All of the time,Meas Value,MAPS_TO,,Reinp,1788971396934,
80,Occasionally or a moderate amount of time (3-4 days),206,,a_emolone,k9 - Respondent felt lonely in past week?,0.68,APPROVED,EQUAL,Reinp,1788971858991,45879593,Occasionally,Meas Value,MAPS_TO,,Reinp,1788971831361,
57,Some or little of the time (1-2 days),829,,a_emoeff,k4 - Respondent felt that everything was an effort in past week?,0.64,APPROVED,EQUAL,Reinp,1788972452614,45879198,Some of the time,Meas Value,MAPS_TO,,Reinp,1788972375365,
55,Occasionally or a moderate amount of time (3-4 days),425,,a_emoeff,k4 - Respondent felt that everything was an effort in past week?,0.68,APPROVED,EQUAL,Reinp,1788971858991,45879593,Occasionally,Meas Value,MAPS_TO,,Reinp,1788971780505,
45,Occasionally or a moderate amount of time (3-4 days),246,,a_emomnd,k2 - Respondent had trouble focusing in past week?,0.68,APPROVED,EQUAL,Reinp,1788971858991,45879593,Occasionally,Meas Value,MAPS_TO,,Reinp,1788971761560,
